City_ID,City,Lat,Lng,Max Temp,Humidity,Cloudiness,Wind Speed,Country,Date
0,indramayu,-6.3264,108.32,27.78,73,90,0.82,ID,1674359369
1,east london,-33.0153,27.9116,23.52,94,40,1.03,ZA,1674358784
2,jamestown,42.097,-79.2353,-0.23,65,100,3.6,US,1674358961
3,georgetown,5.4112,100.3354,29.96,78,20,2.57,MY,1674358956
4,portland,45.5234,-122.6762,6.56,88,75,4.12,US,1674358888
5,merauke,-8.4667,140.3333,28.94,74,66,4.7,ID,1674358986
6,kodiak,57.79,-152.4072,-1.27,69,0,2.57,US,1674358975
7,lebu,-37.6167,-73.65,14.78,86,0,5.3,CL,1674359031
8,hofn,64.2539,-15.2082,4.53,87,100,13.24,IS,1674359006
9,chokurdakh,70.6333,147.9167,-39.81,100,99,3.09,RU,1674358975
10,esperance,-33.8667,121.9,24.06,51,8,7.41,AU,1674358780
11,mataura,-46.1927,168.8643,12.94,93,95,2.75,NZ,1674358955
12,vostok,46.4856,135.8833,-22.92,76,99,2.3,RU,1674358977
13,dyatkovo,53.5978,34.3382,-1.08,81,100,2.31,RU,1674359370
14,korla,41.7597,86.1469,-10.14,67,3,4.14,CN,1674359000
15,mahebourg,-20.4081,57.7,25.14,94,75,2.06,MU,1674358984
16,chuy,-33.6971,-53.4616,20.38,94,36,2.72,UY,1674358986
17,tuktoyaktuk,69.4541,-133.0374,-27.73,100,100,1.95,CA,1674358974
18,la orilla,17.9833,-102.2333,21.5,83,0,1.92,MX,1674359371
19,khatanga,71.9667,102.5,-38.13,85,37,1.09,RU,1674358972
20,nikolskoye,59.7035,30.7861,-2.89,97,85,2.63,RU,1674358982
21,bredasdorp,-34.5322,20.0403,19.62,77,64,2.01,ZA,1674358985
22,saskylakh,71.9167,114.0833,-36.75,92,99,1.43,RU,1674358979
23,port alfred,-33.5906,26.891,21.21,97,100,2.24,ZA,1674358775
24,rinconada,19.35,-96.5167,21.81,91,1,0.99,MX,1674359371
25,ushuaia,-54.8,-68.3,7.81,71,20,8.23,AR,1674358851
26,vaini,-21.2,-175.2,30.09,84,20,3.6,TO,1674358956
27,bandarbeyla,9.4942,50.8122,23.64,69,50,8.13,SO,1674358974
28,new norfolk,-42.7826,147.0587,22.06,58,69,0.45,AU,1674358962
29,severnoye,56.3491,78.3619,-17.88,96,100,6.49,RU,1674359372
30,saint-philippe,-21.3585,55.7679,26.77,80,91,3.59,RE,1674358963
31,butaritari,3.0707,172.7902,27.4,72,96,7.36,KI,1674358962
32,kapaa,22.0752,-159.319,25.18,84,40,5.14,US,1674358962
33,chumikan,54.7183,135.315,-27.48,79,26,7.71,RU,1674359373
34,senanga,-16.1167,23.2667,18.17,97,100,3.35,ZM,1674359373
35,fortuna,40.5982,-124.1573,10.37,93,100,0.0,US,1674359044
36,pisco,-13.7,-76.2167,22.03,83,0,3.09,PE,1674359004
37,isangel,-19.55,169.2667,31.06,74,75,3.09,VU,1674358958
38,provideniya,64.3833,-173.3,-26.98,84,24,4.85,RU,1674358955
39,bambous virieux,-20.3428,57.7575,25.12,94,75,2.06,MU,1674358960
40,busselton,-33.65,115.3333,30.2,37,0,4.47,AU,1674358884
41,pevek,69.7008,170.3133,-39.12,100,100,2.35,RU,1674358953
42,clyde river,70.4692,-68.5914,-32.87,75,100,5.14,CA,1674358971
43,yar-sale,66.8333,70.8333,-10.4,96,100,1.98,RU,1674359374
44,barrow,71.2906,-156.7887,-16.99,85,100,9.26,US,1674358957
45,queimadas,-10.9783,-39.6264,22.07,79,10,2.67,BR,1674359374
46,tiling,9.9736,122.6544,27.8,73,93,4.9,PH,1674359375
47,albany,42.6001,-73.9662,-0.53,80,90,1.15,US,1674358959
48,ribeira grande,38.5167,-28.7,15.99,85,6,5.81,PT,1674358953
49,dikson,73.5069,80.5464,-18.4,94,100,11.5,RU,1674358993
50,castro,-24.7911,-50.0119,17.9,88,82,0.87,BR,1674358977
51,port elizabeth,-33.918,25.5701,23.39,90,100,7.72,ZA,1674358756
52,cape town,-33.9258,18.4232,20.06,82,75,1.54,ZA,1674358791
53,arraial do cabo,-22.9661,-42.0278,22.53,89,5,1.46,BR,1674358968
54,matara,5.9485,80.5353,23.23,90,100,4.41,LK,1674359056
55,kedougou,12.5579,-12.1743,22.73,25,13,1.29,SN,1674359342
56,monticello,45.3055,-93.7941,-6.11,97,100,1.54,US,1674359376
57,yako,12.9667,-2.2667,21.33,16,46,2.83,BF,1674359377
58,rocha,-34.4833,-54.3333,21.35,73,26,3.57,UY,1674359017
59,punta arenas,-53.15,-70.9167,9.06,61,0,5.14,CL,1674358893
60,hilo,19.7297,-155.09,27.93,71,0,6.69,US,1674358960
61,hobart,-42.8794,147.3294,22.25,69,40,6.17,AU,1674358976
62,kahului,20.8947,-156.47,27.01,62,20,3.09,US,1674359005
63,naze,28.3667,129.4833,17.51,70,100,6.76,JP,1674359040
64,amga,60.8953,131.9608,-41.75,93,98,0.99,RU,1674359377
65,nabire,-3.3667,135.4833,30.57,61,84,2.59,ID,1674359008
66,hermanus,-34.4187,19.2345,17.67,83,90,2.44,ZA,1674358957
67,kumburgaz,41.0211,28.4772,8.95,77,100,1.19,TR,1674359378
68,bitkine,11.9801,18.2138,21.31,21,100,3.19,TD,1674359239
69,mar del plata,-38.0023,-57.5575,19.97,81,0,2.68,AR,1674358820
70,bluff,-46.6,168.3333,14.11,78,77,4.98,NZ,1674358958
71,zhigansk,66.7697,123.3711,-41.05,97,99,0.58,RU,1674358997
72,altay,47.8667,88.1167,-22.26,69,19,2.26,CN,1674359379
73,atuona,-9.8,-139.0333,26.31,78,25,8.77,PF,1674358960
74,adrar,20.5022,-10.0711,14.51,22,2,5.1,MR,1674359379
75,peace river,56.2501,-117.286,5.17,65,75,6.17,CA,1674359379
76,tiksi,71.6872,128.8694,-27.48,86,100,2.18,RU,1674358975
77,padang,-0.9492,100.3543,27.03,76,100,1.65,ID,1674358906
78,cololaca,14.3,-88.8833,19.34,64,9,1.13,HN,1674359380
79,cairns,-16.9167,145.7667,32.81,73,75,4.12,AU,1674359381
80,vila velha,-20.3297,-40.2925,23.97,98,0,1.03,BR,1674358968
81,sabha,27.0377,14.4283,10.66,20,100,3.56,LY,1674359381
82,rikitea,-23.1203,-134.9692,26.47,76,97,7.83,PF,1674358955
83,avarua,-21.2078,-159.775,28.03,74,75,2.06,CK,1674358971
84,portlethen,57.0547,-2.1307,4.41,89,100,7.2,GB,1674359381
85,puerto ayora,-0.7393,-90.3518,23.64,96,40,0.45,EC,1674358964
86,tasiilaq,65.6145,-37.6368,-16.91,37,16,13.93,GL,1674358971
87,thompson,55.7435,-97.8558,-11.91,85,100,2.06,CA,1674359018
88,petropavlovsk-kamchatskiy,53.0452,158.6483,-16.67,51,0,3.0,RU,1674359173
89,souillac,-20.5167,57.5167,24.21,94,75,2.06,MU,1674359382
90,pangnirtung,66.1451,-65.7125,-16.39,98,100,1.28,CA,1674359023
91,cananea,30.95,-110.3,1.54,43,0,2.4,MX,1674359382
92,airai,-8.9266,125.4092,22.96,63,74,1.3,TL,1674358962
93,qaanaaq,77.484,-69.3632,-34.98,62,29,3.0,GL,1674358958
94,anadyr,64.75,177.4833,-29.72,67,0,3.0,RU,1674359352
95,gizo,-8.103,156.8419,29.12,65,93,1.02,SB,1674359383
96,hithadhoo,-0.6,73.0833,27.07,75,37,5.48,MV,1674358960
97,torbay,47.6666,-52.7314,0.42,98,100,12.86,CA,1674359023
98,lompoc,34.6391,-120.4579,11.23,88,0,4.12,US,1674359013
99,khambhat,22.3,72.6167,17.26,51,0,1.5,IN,1674359383
100,batagay-alyta,67.8006,130.4114,-30.32,80,100,1.09,RU,1674359383
101,ambilobe,-13.2,49.05,23.64,90,95,0.23,MG,1674359383
102,chifeng,42.2683,118.9636,-12.57,49,100,3.96,CN,1674359024
103,cidreira,-30.1811,-50.2056,22.33,90,42,2.33,BR,1674358970
104,inongo,-1.95,18.2667,22.02,91,100,2.32,CD,1674359241
105,beringovskiy,63.05,179.3167,-19.58,99,100,5.79,RU,1674358985
106,eirunepe,-6.6603,-69.8736,21.52,99,90,0.83,BR,1674359108
107,asau,46.4333,26.4,2.51,93,100,0.98,RO,1674359013
108,itaituba,-4.2761,-55.9836,21.21,100,88,0.21,BR,1674359098
109,romny,50.751,33.4747,-1.42,93,6,3.16,UA,1674359384
110,grindavik,63.8424,-22.4338,-0.74,80,75,14.92,IS,1674359281
111,yeniseysk,58.4497,92.1703,-40.02,98,66,1.28,RU,1674359385
112,half moon bay,37.4636,-122.4286,10.95,65,0,4.63,US,1674358964
113,karratha,-20.7377,116.8463,31.92,50,32,4.7,AU,1674359203
114,puerto asis,0.5133,-76.5007,21.03,97,91,1.21,CO,1674359115
115,les cayes,18.2,-73.75,21.57,81,1,2.23,HT,1674359385
116,vardo,70.3705,31.1107,-1.22,76,100,13.74,NO,1674359385
117,vangaindrano,-23.35,47.6,24.39,93,100,3.11,MG,1674359385
118,loralai,30.3705,68.598,2.67,47,49,3.34,PK,1674359386
119,saint-pierre,-21.3393,55.4781,27.17,69,0,2.06,RE,1674358769
120,oktyabrskiy,54.4815,53.471,-14.42,85,99,2.85,RU,1674359386
121,itarema,-2.9248,-39.9167,24.79,86,63,3.69,BR,1674359016
122,cedar city,37.6775,-113.0619,-7.0,79,0,1.54,US,1674359143
123,bengkulu,-3.8004,102.2655,28.14,69,78,2.7,ID,1674358968
124,beaufort,5.3473,115.7455,31.51,56,97,0.98,MY,1674359338
125,tefe,-3.3542,-64.7114,22.35,98,62,1.07,BR,1674359387
126,ponta do sol,32.6667,-17.1,18.17,81,59,3.42,PT,1674358957
127,soyo,-6.1349,12.3689,25.13,87,100,1.23,AO,1674359056
128,jacareacanga,-6.2222,-57.7528,21.33,99,56,0.96,BR,1674359388
129,elizabeth city,36.2946,-76.2511,6.12,79,0,2.06,US,1674359388
130,naantali,60.4674,22.0243,-3.27,93,100,1.03,FI,1674359388
131,christchurch,-43.5333,172.6333,23.84,42,16,7.2,NZ,1674359100
132,san quintin,30.4833,-115.95,13.03,56,0,2.74,MX,1674359388
133,tazovskiy,67.4667,78.7,-17.91,94,100,6.1,RU,1674359388
134,marau,-28.4492,-52.2,17.73,98,67,1.51,BR,1674359389
135,prince rupert,54.3161,-130.3201,3.83,92,100,4.12,CA,1674358970
136,faya,18.3851,42.4509,9.06,89,5,0.49,SA,1674359389
137,veraval,20.9,70.3667,18.3,55,4,6.15,IN,1674359089
138,ambon,-3.6954,128.1814,32.08,58,40,4.12,ID,1674359389
139,port hardy,50.6996,-127.4199,4.1,87,40,3.6,CA,1674358980
140,estreito,-5.7833,-43.25,22.56,84,68,1.37,BR,1674359171
141,havre-saint-pierre,50.2334,-63.5986,-7.0,78,0,1.54,CA,1674358956
142,kachiry,53.0675,76.1036,-14.74,95,99,4.77,KZ,1674359390
143,katsuura,35.1333,140.3,5.3,92,100,5.19,JP,1674358811
144,zhangjiakou,40.81,114.8794,-5.93,47,78,1.73,CN,1674359390
145,haines junction,60.7522,-137.5108,-9.1,97,99,0.88,CA,1674359030
146,nome,64.5011,-165.4064,-30.5,76,0,1.54,US,1674359390
147,fernley,39.608,-119.2518,-1.52,69,64,0.89,US,1674359024
148,malakal,9.5334,31.6605,22.84,22,98,2.58,SS,1674359028
149,darhan,49.4867,105.9228,-29.73,84,95,1.6,MN,1674359329
150,carutapera,-1.195,-46.02,24.05,93,94,2.54,BR,1674359391
151,norman wells,65.282,-126.8329,-18.98,78,100,6.17,CA,1674358985
152,hamilton,39.1834,-84.5333,0.23,84,0,3.6,US,1674359391
153,rio grande,-32.035,-52.0986,22.99,90,100,4.27,BR,1674359049
154,sao filipe,14.8961,-24.4956,21.41,66,21,4.88,CV,1674358966
155,iqaluit,63.7506,-68.5145,-12.15,84,100,1.54,CA,1674358808
156,mandalgovi,45.7625,106.2708,-21.13,80,100,9.08,MN,1674359392
157,constitucion,-35.3333,-72.4167,14.31,78,0,4.12,CL,1674358981
158,kletnya,53.3897,33.2171,-0.22,84,100,2.76,RU,1674359392
159,betul,21.9153,77.8961,22.43,48,2,5.18,IN,1674359392
160,kailua,21.4022,-157.7394,26.99,70,7,1.34,US,1674359392
161,chulman,56.8479,124.9104,-38.5,91,100,2.78,RU,1674359393
162,takoradi,4.8845,-1.7554,26.29,84,38,2.98,GH,1674359053
163,puerto vallarta,20.6204,-105.2307,18.94,93,29,1.11,MX,1674359393
164,pontes e lacerda,-15.2261,-59.3353,22.38,87,34,1.59,BR,1674359393
165,longyearbyen,78.2186,15.6401,-2.09,86,75,12.35,SJ,1674358980
166,port blair,11.6667,92.75,28.02,69,75,4.12,IN,1674359102
167,letterkenny,54.95,-7.7333,8.71,95,100,4.66,IE,1674359393
168,diyarb najm,30.7542,31.4393,9.32,89,0,1.69,EG,1674359229
169,wairoa,-39.0333,177.3667,25.31,67,100,1.11,NZ,1674359394
170,kieta,-6.2167,155.6333,29.67,65,100,2.35,PG,1674359043
171,kihei,20.785,-156.4656,27.01,68,20,3.09,US,1674359114
172,amarante do maranhao,-5.5667,-46.7422,21.07,98,74,1.11,BR,1674359394
173,touros,-5.1989,-35.4608,26.09,80,5,4.45,BR,1674358988
174,bathsheba,13.2167,-59.5167,25.34,73,20,9.26,BB,1674359012
175,young,-32.6833,-57.6333,22.5,59,0,1.79,UY,1674359106
176,kavaratti,10.5669,72.642,26.8,69,46,5.87,IN,1674358978
177,tiznit,29.5833,-9.5,9.64,64,0,0.26,MA,1674359395
178,jaszbereny,47.5,19.9167,2.26,92,100,2.54,HU,1674359395
179,fez,34.0372,-4.9998,11.14,93,75,3.6,MA,1674359279
180,fredericksburg,38.3032,-77.4605,1.44,81,0,0.0,US,1674359395
181,ridge,40.894,-72.8959,3.21,77,100,0.0,US,1674359395
182,pangoa,-12.1167,-73.0,19.41,99,85,0.15,PE,1674359395
183,erenhot,43.6475,111.9767,-13.7,54,100,6.98,CN,1674359396
184,alekseyevka,50.6309,38.6903,-3.87,86,100,4.58,RU,1674359396
185,porto murtinho,-21.6989,-57.8825,28.26,57,19,4.32,BR,1674359396
186,viedma,-40.8135,-62.9967,20.67,66,80,2.78,AR,1674358965
187,broken hill,-31.95,141.4333,29.59,29,0,5.72,AU,1674359048
188,harper,4.375,-7.7169,25.96,84,90,3.68,LR,1674358989
189,faanui,-16.4833,-151.75,27.3,65,100,2.33,PF,1674358977
190,avera,33.194,-82.5271,6.73,58,100,3.61,US,1674359012
191,severo-kurilsk,50.6789,156.125,-5.37,85,100,4.61,RU,1674358987
192,chapais,49.7834,-74.8492,-14.12,95,100,3.37,CA,1674359020
193,faaborg,55.0951,10.2423,1.0,83,12,4.94,DK,1674359397
194,yellowknife,62.456,-114.3525,-9.69,92,100,4.12,CA,1674358973
195,talnakh,69.4865,88.3972,-17.56,66,100,6.54,RU,1674358961
196,natal,-5.795,-35.2094,26.36,83,20,2.57,BR,1674359047
197,jiayuguan,39.8167,98.3,-10.48,55,100,5.21,CN,1674359286
198,manoel urbano,-8.8389,-69.2597,21.28,98,75,1.17,BR,1674359398
199,magrath,49.4167,-112.8686,4.08,60,45,8.75,CA,1674359398
200,surt,31.2089,16.5887,11.7,28,0,5.85,LY,1674359139
201,lucapa,-8.4192,20.7447,16.91,96,100,1.09,AO,1674359398
202,sterling,39.0062,-77.4286,1.41,82,20,1.54,US,1674359399
203,cascais,38.6979,-9.4215,12.74,87,3,9.83,PT,1674359399
204,henties bay,-22.116,14.2845,18.23,88,87,1.97,NA,1674359399
205,borovsk,55.2064,36.4861,-2.04,74,17,2.06,RU,1674359399
206,tuatapere,-46.1333,167.6833,14.67,80,85,4.3,NZ,1674359001
207,sabya,17.1495,42.6254,23.79,75,1,1.37,SA,1674359399
208,rosarito,32.3333,-117.0333,12.59,51,0,3.99,MX,1674359400
209,wamba,8.9333,8.6,22.17,22,49,1.95,NG,1674359400
210,novo horizonte,-21.4681,-49.2208,20.84,94,97,2.6,BR,1674359400
211,palmer,42.1584,-72.3287,0.14,71,100,3.09,US,1674358969
212,noumea,-22.2763,166.4572,32.99,99,100,2.07,NC,1674359401
213,borodino,55.9106,94.8983,-37.65,92,60,1.02,RU,1674359401
214,finspang,58.7058,15.7674,-3.27,92,6,0.44,SE,1674359401
215,losone,46.1687,8.7593,3.23,44,100,0.0,CH,1674359401
216,namatanai,-3.6667,152.4333,29.76,66,100,1.59,PG,1674359116
217,newport,51.5877,-2.9984,0.9,95,100,2.76,GB,1674359401
218,san juan,-31.5375,-68.5364,29.83,23,30,5.0,AR,1674359401
219,locharbriggs,55.1034,-3.5844,4.97,91,100,2.9,GB,1674359402
220,paracuru,-3.41,-39.0306,27.28,85,74,3.22,BR,1674359236
221,buta,2.7858,24.73,19.52,71,99,1.3,CD,1674359241
222,areosa,41.7178,-8.8571,8.23,76,6,4.0,PT,1674359402
223,iquitos,-3.7481,-73.2472,24.02,88,0,0.51,PE,1674358982
224,hovd,48.0056,91.6419,-19.56,67,100,2.05,MN,1674359403
225,zhicheng,30.2956,111.5047,9.73,50,86,2.18,CN,1674359403
226,inirida,3.8653,-67.9239,24.22,81,88,0.56,CO,1674359403
227,bestobe,52.4994,73.0975,-13.5,81,100,4.94,KZ,1674359403
228,winton,37.3894,-120.6133,8.32,85,0,0.0,US,1674359403
229,ruteng,-8.6136,120.4721,24.72,52,17,1.21,ID,1674359177
230,kaitangata,-46.2817,169.8464,13.64,85,80,5.28,NZ,1674358991
231,ponorogo,-7.8685,111.462,30.79,60,45,1.67,ID,1674359404
232,okhotsk,59.3833,143.3,-21.29,78,100,5.96,RU,1674359404
233,pipar,26.3856,73.5378,16.18,47,0,2.31,IN,1674359261
234,klaksvik,62.2266,-6.589,8.51,88,100,9.45,FO,1674359009
235,vestnes,62.6264,7.0884,-0.47,56,78,4.51,NO,1674359404
236,disna,55.568,28.1971,-4.35,96,71,2.8,BY,1674359404
237,changji,44.0167,87.3167,-13.56,85,67,1.0,CN,1674359404
238,kyra,49.5776,111.9753,-26.16,65,77,3.43,RU,1674359405
239,necochea,-38.5473,-58.7368,17.44,90,4,4.71,AR,1674359004
240,pacaembu,-21.5622,-51.2606,21.33,90,34,2.53,BR,1674359405
241,dingle,10.9995,122.6711,27.7,76,74,6.72,PH,1674359017
242,saint george,37.1041,-113.5841,3.3,51,0,3.6,US,1674359018
243,roald,62.5833,6.1333,6.08,45,20,7.72,NO,1674359406
244,bethel,41.3712,-73.414,1.93,75,100,0.0,US,1674358959
245,izumo,35.3667,132.7667,5.97,61,75,2.06,JP,1674359406
246,raudeberg,61.9875,5.1352,3.37,67,26,12.63,NO,1674358982
247,mikhaylovka,50.06,43.2379,-6.42,86,100,4.33,RU,1674359406
248,mandera,3.9366,41.867,25.47,57,73,4.35,KE,1674358979
249,dombasle-sur-meurthe,48.6252,6.3497,-0.73,87,100,4.12,FR,1674359406
250,seoul,37.5683,126.9778,0.76,58,100,1.54,KR,1674358996
251,clifton,40.8584,-74.1638,3.19,68,100,2.06,US,1674359407
252,pizarro,4.9533,-77.366,23.87,92,50,2.52,CO,1674359407
253,santa maria,-29.6842,-53.8069,22.61,100,40,1.03,BR,1674359407
254,gat,31.61,34.7642,14.11,100,0,0.91,IL,1674358967
255,isabela,6.7085,121.9711,31.03,73,100,1.78,PH,1674359336
256,san juan del sur,11.2529,-85.8705,24.92,78,7,8.91,NI,1674359407
257,ewa beach,21.3156,-158.0072,26.97,65,75,4.63,US,1674359408
258,namwala,-15.7504,26.4384,18.05,98,100,0.61,ZM,1674359408
259,nouakchott,18.0858,-15.9785,15.96,67,3,4.29,MR,1674359408
260,tabas,33.5959,56.9244,4.35,42,0,1.89,IR,1674359191
261,paraiso,9.8383,-83.8656,18.48,91,44,1.39,CR,1674359408
262,ipora,-16.4419,-51.1178,20.1,96,99,1.23,BR,1674359409
263,teya,60.3778,92.6267,-35.05,96,77,1.75,RU,1674359409
264,vitim,59.4511,112.5578,-38.68,89,66,1.9,RU,1674359409
265,wilmington,34.2257,-77.9447,8.83,75,0,2.06,US,1674359191
266,saint-leu,-21.15,55.2833,26.84,78,100,0.38,RE,1674359170
267,saint anthony,45.0205,-93.218,-4.47,91,100,2.06,US,1674359046
268,vila franca do campo,37.7167,-25.4333,15.23,75,89,2.71,PT,1674359040
269,eureka,40.8021,-124.1637,10.52,89,100,0.45,US,1674359410
270,toguchin,55.2353,84.3858,-32.86,97,21,2.22,RU,1674359341
271,banda aceh,5.5577,95.3222,27.59,73,91,3.27,ID,1674359189
272,ovsyanka,55.9575,92.5519,-39.46,82,8,1.86,RU,1674359410
273,husavik,66.0449,-17.3389,-0.25,79,100,4.71,IS,1674358962
274,onega,63.9061,38.1404,-4.25,92,100,2.03,RU,1674359410
275,ancud,-41.8697,-73.8203,14.95,97,95,2.31,CL,1674358969
276,garowe,8.4054,48.4845,18.45,71,74,4.34,SO,1674359411
277,kamaishi,39.2667,141.8833,1.86,44,54,4.64,JP,1674359198
278,dunedin,-45.8742,170.5036,16.56,70,88,5.36,NZ,1674359056
279,cabo san lucas,22.8909,-109.9124,19.73,70,0,1.39,MX,1674359411
280,los andes,-32.8337,-70.5983,19.75,58,0,0.72,CL,1674359411
281,jiangyou,31.7667,104.7167,9.18,48,9,2.08,CN,1674359411
282,ilulissat,69.2167,-51.1,-25.99,58,20,8.75,GL,1674358982
283,khasan,42.4308,130.6434,-7.18,70,83,2.86,RU,1674359412
284,waitati,-45.75,170.5667,16.56,70,94,0.87,NZ,1674359412
285,miyako,39.6367,141.9525,2.09,39,68,3.86,JP,1674359176
286,jaguaquara,-13.5306,-39.9708,18.81,96,98,1.05,BR,1674359126
287,west bay,19.3667,-81.4167,25.6,84,40,2.57,KY,1674359412
288,alyangula,-13.8483,136.4192,31.16,62,49,7.34,AU,1674359412
289,narsaq,60.9167,-46.05,-20.05,66,38,5.27,GL,1674359412
290,upernavik,72.7868,-56.1549,-31.92,89,74,2.75,GL,1674358977
291,deputatskiy,69.3,139.9,-38.15,95,86,2.93,RU,1674359010
292,riyadh,24.6877,46.7219,11.08,52,43,3.83,SA,1674359049
293,idritsa,56.3316,28.8988,-1.57,92,100,2.71,RU,1674359413
294,ola,59.5833,151.2833,-20.48,88,100,3.55,RU,1674359050
295,werda,-25.2667,23.2833,22.38,30,1,3.2,BW,1674359413
296,sitka,57.0531,-135.33,2.94,87,100,4.12,US,1674358964
297,coquimbo,-29.9533,-71.3436,17.85,88,100,1.54,CL,1674358861
298,vallenar,-28.5708,-70.7581,18.71,73,0,1.97,CL,1674359414
299,quzhou,28.9594,118.8686,9.77,95,100,0.6,CN,1674359414
300,weifang,36.71,119.1019,5.84,54,100,2.42,CN,1674359414
301,gohana,29.1333,76.7,14.41,57,0,1.67,IN,1674359414
302,kim,40.208,70.4688,-5.64,61,91,0.78,TJ,1674359414
303,haguenau,48.8156,7.7905,0.51,91,98,2.37,FR,1674359414
304,onda,39.9667,-0.25,5.47,36,0,3.0,ES,1674359414
305,carnarvon,-24.8667,113.6333,26.57,68,46,7.02,AU,1674358956
306,fairbanks,64.8378,-147.7164,-16.33,76,100,4.12,US,1674358998
307,diego de almagro,-26.3667,-70.05,16.41,63,0,0.46,CL,1674359415
308,terney,45.0503,136.6092,-13.33,53,3,4.19,RU,1674359415
309,altamira,-3.2033,-52.2064,21.84,99,100,1.09,BR,1674359415
310,ostrovnoy,68.0531,39.5131,-6.04,86,100,6.05,RU,1674358994
311,bibiani,6.4635,-2.3194,21.27,97,10,0.7,GH,1674359415
312,port lincoln,-34.7333,135.8667,21.09,59,4,5.33,AU,1674358957
313,kupino,54.3663,77.2981,-17.78,96,100,6.26,RU,1674359416
314,belmonte,-15.8631,-38.8828,25.42,84,100,3.65,BR,1674359416
315,san pedro,14.35,121.0167,29.62,72,75,1.54,PH,1674358923
316,callaguip,18.0714,120.4867,30.01,54,75,2.06,PH,1674359416
317,kenora,49.8167,-94.4337,-8.46,92,75,1.54,CA,1674359416
318,mayo,38.8876,-76.5119,3.41,76,0,0.89,US,1674358881
319,san ramon,37.7799,-121.978,10.12,73,0,0.0,US,1674359416
320,tura,25.5198,90.2201,22.53,31,0,0.98,IN,1674359258
321,nanpiao,41.0982,120.7479,-5.92,35,41,4.33,CN,1674359197
322,iwaki,37.05,140.8833,7.23,43,70,0.45,JP,1674359417
323,mount gambier,-37.8333,140.7667,22.11,51,2,5.74,AU,1674359417
324,solnechnyy,50.7214,136.6319,-22.79,89,100,0.56,RU,1674359417
325,olinda,-8.0089,-34.8553,26.85,74,40,3.09,BR,1674359417
326,ungheni,47.2042,27.7958,3.36,100,100,0.51,MD,1674359417
327,leningradskiy,69.3833,178.4167,-39.04,92,17,1.95,RU,1674358982
328,ust-tsilma,65.441,52.1498,-9.03,96,88,2.64,RU,1674359418
329,joshimath,30.5667,79.5667,7.87,27,0,1.5,IN,1674359418
330,pauini,-7.7136,-66.9764,21.42,98,86,1.16,BR,1674359418
331,anahuac,27.2333,-100.15,16.11,57,1,1.77,MX,1674359418
332,zhangye,38.9342,100.4517,-10.25,51,61,1.07,CN,1674359418
333,gisborne,-38.6533,178.0042,21.29,80,89,1.14,NZ,1674358872
334,patnagarh,20.7167,83.15,24.16,40,11,1.02,IN,1674359259
335,sao miguel do araguaia,-13.275,-50.1628,21.88,91,100,1.69,BR,1674359419
336,omsukchan,62.5333,155.8,-38.15,100,98,2.75,RU,1674359023
337,chipata,-13.6333,32.65,16.95,99,100,1.11,ZM,1674359167
338,qui nhon,13.7667,109.2333,24.45,81,98,3.75,VN,1674359208
339,urumqi,43.801,87.6005,-15.47,85,65,1.0,CN,1674359419
340,niamey,13.5137,2.1098,21.16,26,0,1.03,NE,1674359419
341,oksfjord,70.2396,22.3479,5.1,91,100,6.46,NO,1674359419
342,san cristobal,7.7669,-72.225,20.1,74,81,0.52,VE,1674359042
343,geraldton,-28.7667,114.6,26.23,69,75,5.14,AU,1674358791
344,caravelas,-17.7125,-39.2481,23.32,95,100,3.1,BR,1674359420
345,bose,45.4612,8.0137,1.83,40,100,0.5,IT,1674359420
346,chissamba,-12.1667,17.3333,17.27,70,100,1.6,AO,1674359421
347,laiyang,36.9758,120.7136,5.47,65,100,2.9,CN,1674359421
348,lorengau,-2.0226,147.2712,28.17,77,99,0.96,PG,1674358965
349,salinas,36.6777,-121.6555,9.6,65,0,3.6,US,1674359421
350,whitehorse,60.7161,-135.0538,-2.57,80,75,5.66,CA,1674358762
351,mogadishu,2.0371,45.3438,23.93,94,75,5.14,SO,1674359422
352,coos bay,43.3665,-124.2179,6.63,100,100,2.57,US,1674359422
353,sola,-13.8833,167.55,32.37,75,100,2.06,VU,1674359422
354,salta,-24.7859,-65.4117,22.33,90,75,1.03,AR,1674359422
355,powell,40.1578,-83.0752,1.19,78,100,3.09,US,1674359422
356,long,18.0761,99.8326,26.22,31,0,0.58,TH,1674359423
357,tilichiki,60.4667,166.1,-27.91,97,100,7.53,RU,1674359423
358,san patricio,28.017,-97.5169,16.58,88,3,2.8,US,1674358972
359,san vicente,-26.6167,-54.1333,19.57,89,85,1.19,AR,1674359153
360,victoria,22.2855,114.1577,22.2,89,89,0.45,HK,1674358786
361,kelo,9.3086,15.8066,22.41,21,100,1.96,TD,1674359239
362,los llanos de aridane,28.6585,-17.9182,16.18,70,75,5.81,ES,1674358985
363,wuzhou,23.4833,111.3167,18.93,74,100,1.71,CN,1674359423
364,san carlos de bariloche,-41.1456,-71.3082,14.86,67,40,7.72,AR,1674359424
365,lensk,60.7253,114.9278,-39.09,93,98,2.89,RU,1674359424
366,mjolby,58.326,15.1237,-4.16,95,24,0.46,SE,1674359424
367,zarya,55.7553,38.0958,-4.26,96,87,2.13,RU,1674359424
368,vestmannaeyjar,63.4427,-20.2734,1.93,84,100,16.13,IS,1674359424
369,makakilo city,21.3469,-158.0858,26.18,65,75,4.63,US,1674358968
370,ituacu,-13.8133,-41.2967,21.8,84,100,0.95,BR,1674359424
371,luanda,-8.8368,13.2343,25.0,88,0,1.03,AO,1674359424
372,thinadhoo,0.5333,72.9333,27.33,74,76,5.7,MV,1674359425
373,cuamba,-14.8031,36.5372,20.0,98,100,1.59,MZ,1674359425
374,japura,-0.3167,102.35,29.64,65,95,1.47,ID,1674359425
375,praya,14.9215,-23.5087,21.3,60,40,7.2,CV,1674359425
376,samarai,-10.6167,150.6667,28.29,74,98,1.83,PG,1674358967
377,biak,-0.9131,122.8766,28.38,64,100,0.79,ID,1674359031
378,sistranda,63.7256,8.834,2.98,54,98,3.71,NO,1674358976
379,tshikapa,-6.4167,20.8,19.66,97,98,1.32,CD,1674359426
380,hambantota,6.1241,81.1185,24.19,94,75,6.69,LK,1674359032
381,filotion,37.05,25.5,11.46,78,79,4.82,GR,1674359426
382,soe,-9.8607,124.284,26.46,54,38,3.19,ID,1674359426
383,yarada,17.65,83.2667,25.18,78,40,2.06,IN,1674359427
384,port-cartier,50.0334,-66.8654,-11.18,94,17,2.37,CA,1674359013
385,barra velha,-26.6322,-48.6847,22.94,96,89,1.27,BR,1674359427
386,te anau,-45.4167,167.7167,17.23,52,63,2.33,NZ,1674359427
387,presidencia roque saenz pena,-26.7852,-60.4388,24.74,66,49,2.26,AR,1674359427
388,praia da vitoria,38.7333,-27.0667,15.42,72,75,5.8,PT,1674359427
389,ciudad guayana,8.3533,-62.6528,23.07,90,80,1.74,VE,1674359428
390,cody,44.5263,-109.0565,-1.34,67,0,1.54,US,1674359428
391,moree,-29.4667,149.85,27.95,44,94,3.19,AU,1674359428
392,lakatoro,-16.0999,167.4164,29.23,69,100,1.78,VU,1674359428
393,gayeri,12.6497,0.4931,22.48,18,86,3.57,BF,1674359428
394,antalaha,-14.9003,50.2788,23.91,89,97,1.36,MG,1674359429
395,daru,-9.0763,143.2092,30.81,62,87,2.2,PG,1674359012
396,mbandaka,0.0487,18.2603,22.36,88,100,1.51,CD,1674359429
397,kuryk,43.2,51.65,-1.14,75,1,6.68,KZ,1674359429
398,guerrero negro,27.9769,-114.0611,15.04,44,0,1.41,MX,1674359429
399,hearst,49.6835,-83.6665,-5.86,96,83,2.44,CA,1674359430
400,ojinaga,29.5667,-104.4167,9.53,25,0,4.12,MX,1674359153
401,bac lieu,9.285,105.7244,27.94,67,100,5.27,VN,1674359180
402,leshukonskoye,64.8989,45.7622,-9.97,97,96,2.44,RU,1674358994
403,pasni,25.2631,63.471,13.81,39,0,9.51,PK,1674359335
404,liuli,-11.0833,34.6333,23.36,86,100,4.52,TZ,1674359430
405,colesberg,-30.72,25.0972,22.49,49,99,3.25,ZA,1674359430
406,nanortalik,60.1432,-45.2371,-11.76,61,1,5.73,GL,1674358999
407,klyuchi,52.2667,79.1667,-25.44,88,72,3.58,RU,1674359431
408,coahuayana,18.7333,-103.6833,20.61,89,0,1.57,MX,1674359050
409,comodoro rivadavia,-45.8667,-67.5,21.92,46,0,5.14,AR,1674359431
410,pemberton,50.3164,-122.8027,1.99,97,97,1.87,CA,1674359431
411,tynda,55.1667,124.7167,-33.73,85,100,1.93,RU,1674359431
412,san jeronimo,-11.9472,-75.2829,9.3,83,75,0.89,PE,1674358984
413,boende,-0.2167,20.8667,20.16,98,91,1.0,CD,1674359242
414,port-gentil,-0.7193,8.7815,26.92,78,100,3.38,GA,1674359432
415,olafsvik,64.8945,-23.7142,-2.0,74,100,9.32,IS,1674358983
416,yerbogachen,61.2767,108.0108,-41.09,97,71,1.61,RU,1674358989
417,northam,51.0333,-4.2167,4.78,81,100,4.62,GB,1674359059
418,acarau,-2.8856,-40.12,24.85,86,61,3.95,BR,1674359433
419,el alto,-4.2714,-81.2147,21.16,74,7,5.29,PE,1674359433
420,codrington,-38.2667,141.9667,20.37,60,4,7.06,AU,1674359006
421,port augusta,-32.5,137.7667,30.83,27,0,6.12,AU,1674359011
422,veisiejai,54.1,23.7,0.08,90,100,3.41,LT,1674359433
423,effium,6.6292,8.0593,23.43,80,100,2.07,NG,1674359332
424,flinders,-34.5833,150.8552,21.7,90,100,0.45,AU,1674358996
425,ahipara,-35.1667,173.1667,22.85,66,1,3.9,NZ,1674359025
426,srostki,52.4189,85.7022,-29.19,96,9,2.69,RU,1674359434
427,midland,31.9974,-102.0779,6.37,38,0,7.2,US,1674359434
428,ondjiva,-17.0667,15.7333,18.37,90,100,3.4,AO,1674359434
429,macusani,-14.0833,-70.4333,1.07,88,11,1.16,PE,1674359434
430,pamfila,39.1567,26.5217,11.72,77,100,5.97,GR,1674359435
431,yeppoon,-23.1333,150.7333,30.88,64,5,4.27,AU,1674359435
432,ormara,25.2088,64.6357,15.19,35,0,8.29,PK,1674359435
433,wanning,18.8003,110.3967,23.01,83,99,2.45,CN,1674359435
434,dicabisagan,17.0818,122.4157,25.94,75,97,2.85,PH,1674359006
435,san juan de los morros,9.9115,-67.3538,19.62,85,7,2.04,VE,1674359435
436,taoudenni,22.6783,-3.9836,14.38,13,0,4.23,ML,1674359435
437,bereda,43.2686,-7.5406,-0.48,100,12,1.5,ES,1674359436
438,mana,5.6592,-53.7767,23.71,90,64,3.09,GF,1674359436
439,grand gaube,-20.0064,57.6608,25.21,84,100,1.34,MU,1674359018
440,aizawl,23.7333,92.7167,13.89,52,0,2.06,IN,1674359436
441,lavrentiya,65.5833,-171.0,-31.38,94,17,2.1,RU,1674358999
442,srednekolymsk,67.45,153.6833,-41.66,100,100,1.42,RU,1674358988
443,halifax,44.6453,-63.5724,-5.28,88,98,2.24,CA,1674359437
444,neiafu,-18.65,-173.9833,30.38,66,20,4.63,TO,1674359437
445,kalabo,-14.97,22.6814,18.4,96,100,2.81,ZM,1674359010
446,tiarei,-17.5333,-149.3333,28.01,69,100,0.27,PF,1674359024
447,lagoa,39.05,-27.9833,15.01,81,4,9.96,PT,1674358966
448,mamakan,57.8161,114.0028,-42.53,94,91,0.33,RU,1674359437
449,tateyama,34.9833,139.8667,5.15,90,100,4.68,JP,1674359311
450,tual,-5.6667,132.75,27.73,76,100,8.15,ID,1674359023
451,novopavlovka,51.2172,109.2091,-30.15,84,100,2.03,RU,1674359438
452,mount pleasant,32.7941,-79.8626,9.08,73,100,4.12,US,1674359021
453,priargunsk,50.3691,119.1012,-36.94,90,48,0.23,RU,1674359438
454,kholm,59.2667,32.85,-9.1,96,34,2.57,RU,1674359438
455,ketchikan,55.3422,-131.6461,2.99,93,100,2.06,US,1674359438
456,trincomalee,8.5711,81.2335,25.45,77,100,4.81,LK,1674359438
457,wewak,-3.5534,143.6268,27.79,78,100,3.54,PG,1674358986
458,lujan,-34.5703,-59.105,24.84,79,0,0.89,AR,1674359438
459,lufilufi,-13.8745,-171.5986,30.88,78,30,6.34,WS,1674359439
460,lichinga,-13.3128,35.2406,17.05,100,75,4.12,MZ,1674359439
461,colares,38.7992,-9.4469,12.64,87,3,9.83,PT,1674358972
462,tulagi,-9.0996,160.1476,28.59,67,99,0.93,SB,1674359231
463,port macquarie,-31.4333,152.9167,20.5,85,85,3.99,AU,1674359439
464,alta floresta,-9.8756,-56.0861,21.73,98,100,1.16,BR,1674359030
465,fougamou,-1.2154,10.5838,22.69,99,100,0.55,GA,1674359439
466,kununurra,-15.7667,128.7333,32.99,62,98,3.6,AU,1674359440
467,toamasina,-18.1667,49.3833,24.0,94,75,2.57,MG,1674359440
468,beloha,-25.1667,45.05,25.01,80,7,5.91,MG,1674358998
469,poykovskiy,61.2333,73.3333,-5.84,92,100,3.0,RU,1674359440
470,sibu,2.3,111.8167,28.17,83,40,0.51,MY,1674359296
471,minab,27.1467,57.0801,14.27,31,0,4.58,IR,1674359440
472,hastings,50.8552,0.5729,2.51,81,67,4.0,GB,1674359440
473,mago,53.2514,140.1822,-22.37,86,92,4.32,RU,1674359441
474,sydney,-33.8679,151.2073,22.01,88,100,1.34,AU,1674358867
475,muroto,33.2833,134.15,9.22,59,45,2.68,JP,1674359325
476,asyut,27.181,31.1837,8.1,69,0,2.72,EG,1674359441
477,cherskiy,68.75,161.3,-44.29,100,66,1.68,RU,1674358972
478,hasaki,35.7333,140.8333,7.9,66,100,3.26,JP,1674358847
479,djibo,14.1022,-1.6306,22.2,13,58,3.27,BF,1674359441
480,san andres,12.5847,-81.7006,27.01,74,20,6.17,CO,1674359442
481,vanavara,60.34,102.2797,-42.12,98,70,0.94,RU,1674359046
482,gilgit,35.9221,74.3087,-0.06,80,100,1.32,PK,1674359026
483,salisbury,51.0693,-1.7957,-1.57,93,6,2.57,GB,1674359442
484,aksu,41.1231,80.2644,-11.31,69,4,1.95,CN,1674359266
485,kruisfontein,-34.0033,24.7314,22.16,89,89,6.04,ZA,1674358973
486,abaza,52.655,90.0928,-25.71,89,15,0.8,RU,1674359442
487,yenagoa,4.9247,6.2642,25.24,85,100,1.18,NG,1674359442
488,plettenberg bay,-34.0527,23.3716,19.66,89,56,3.17,ZA,1674359443
489,la rioja,42.25,-2.5,-2.12,95,47,2.55,ES,1674359443
490,brae,60.3964,-1.353,7.09,86,100,13.25,GB,1674359047
491,marawi,7.9986,124.2928,21.63,88,100,1.99,PH,1674359443
492,visnes,59.3556,5.2242,2.9,80,100,7.2,NO,1674359443
493,susehri,40.1644,38.0867,2.5,62,0,0.87,TR,1674359443
494,broome,42.2506,-75.833,-0.08,84,100,3.09,US,1674359443
495,manavalakurichi,8.1333,77.3,26.63,61,100,2.77,IN,1674359443
496,birin,26.8865,88.0718,7.0,46,0,1.97,NP,1674359444
497,srandakan,-7.9386,110.2506,29.26,68,30,3.61,ID,1674359271
498,tigil,57.8,158.6667,-26.71,92,99,0.61,RU,1674359444
499,impfondo,1.6381,18.0667,20.16,87,87,1.25,CG,1674359444
500,goma,-1.6792,29.2228,16.06,80,100,1.52,CD,1674359242
501,menongue,-14.6585,17.691,16.53,97,100,4.02,AO,1674359444
502,kavieng,-2.5744,150.7967,28.41,75,100,2.05,PG,1674359005
503,celestun,20.8667,-90.4,22.59,76,38,4.38,MX,1674359444
504,angoram,-4.0625,144.0661,31.12,60,100,1.48,PG,1674359445
505,westport,41.1415,-73.3579,3.19,70,100,2.06,US,1674358954
506,nizwa,22.9333,57.5333,14.78,69,0,0.32,OM,1674359011
507,andenes,69.3143,16.1194,4.99,75,100,11.83,NO,1674359024
508,alzamay,55.5562,98.6644,-35.5,93,72,0.71,RU,1674359446
509,emerald,-23.5333,148.1667,29.63,53,14,2.79,AU,1674359446
510,gualeguay,-33.1416,-59.3097,21.69,46,0,1.04,AR,1674359446
511,beaverlodge,55.2166,-119.4361,3.64,80,100,5.26,CA,1674359446
512,pacific grove,36.6177,-121.9166,9.82,71,0,3.6,US,1674359059
513,sur,22.5667,59.5289,19.76,60,24,3.61,OM,1674358988
514,imperia,43.9667,7.7833,5.23,27,99,2.65,IT,1674359446
515,hohhot,40.8106,111.6522,-8.84,57,82,1.0,CN,1674359446
516,wawa,9.9022,4.4192,24.55,27,54,2.26,NG,1674359447
517,marienburg,54.0359,19.0266,2.8,92,100,3.7,PL,1674359447
518,dawlatabad,36.4141,64.9053,-1.76,82,100,0.84,AF,1674359447
519,vurgun,41.0942,45.4716,1.76,98,98,0.56,AZ,1674359447
520,totness,5.8833,-56.3167,23.64,91,28,3.93,SR,1674359231
521,chingirlau,51.095,54.0814,-16.38,82,8,2.92,KZ,1674359447
522,ayr,55.4627,-4.6339,7.99,87,100,8.75,GB,1674359448
523,umm lajj,25.0213,37.2685,21.13,61,0,3.09,SA,1674359448
524,lakes entrance,-37.8811,147.981,23.42,82,100,3.66,AU,1674359448
525,galveston,29.3669,-94.9669,12.06,92,100,0.45,US,1674359449
526,malanje,-9.5402,16.341,17.31,97,100,2.33,AO,1674359449
527,college,64.8569,-147.8028,-16.34,77,75,4.12,US,1674359014
528,burlington,39.8835,-74.6413,3.77,71,100,1.54,US,1674359449
529,kabanjahe,3.1001,98.4908,21.24,86,95,1.72,ID,1674359201
530,multan,30.1956,71.4753,6.94,87,0,0.0,PK,1674359449
531,vozhega,60.4725,40.2213,-7.85,97,83,2.22,RU,1674359449
532,pangody,65.85,74.4859,-14.06,96,100,2.04,RU,1674358973
533,cravo norte,6.3017,-70.2041,25.48,48,9,2.44,CO,1674359450
534,pyaozerskiy,65.8333,31.1667,-9.29,95,72,3.7,RU,1674359450
535,derzhavinsk,51.1,66.3167,-19.39,78,6,0.96,KZ,1674359026
536,egvekinot,66.3167,-179.1667,-32.71,86,13,3.58,RU,1674359450
537,twentynine palms,34.1356,-116.0542,9.37,30,0,2.02,US,1674359450
538,biltine,14.5333,20.9167,20.26,21,12,2.43,TD,1674358974
539,acapulco,16.8634,-99.8901,23.88,72,0,2.28,MX,1674358985
540,kothapet,19.3333,79.4833,24.45,43,7,3.04,IN,1674359451
541,poum,-20.2333,164.0167,27.28,84,100,7.01,NC,1674359451
542,berlevag,70.8578,29.0864,1.0,69,75,16.98,NO,1674359023
543,barao de cocais,-19.9458,-43.4872,20.21,98,100,1.4,BR,1674359451
544,luganville,-15.5333,167.1667,29.49,71,100,3.05,VU,1674359014
545,biaora,23.8667,76.9167,19.65,51,66,2.17,IN,1674359179
546,itum-kale,42.7356,45.5758,3.03,26,5,3.56,RU,1674359451
547,turinsk,58.0458,63.696,-7.05,82,100,4.62,RU,1674359452
548,ilo,-17.6394,-71.3375,21.33,85,59,1.8,PE,1674359452
549,bilma,18.6853,12.9164,16.64,16,0,2.76,NE,1674359452
550,mukhen,48.1,136.1,-23.09,64,4,2.82,RU,1674358983
551,masvingo,-20.0637,30.8277,18.97,72,91,1.3,ZW,1674359452
552,nemuro,43.3236,145.575,-6.5,59,36,6.38,JP,1674358951
553,semey,50.4111,80.2275,-32.88,75,0,2.0,KZ,1674359453
554,kigali,-1.95,30.0588,16.71,93,40,2.06,RW,1674359453
555,ust-kulom,61.6864,53.6902,-2.03,96,100,1.85,RU,1674359453
556,bonthe,7.5264,-12.505,24.15,86,99,2.56,SL,1674359453
557,saint-augustin,51.226,-58.6502,-11.41,81,100,2.9,CA,1674358978
558,parabel,58.6978,81.4825,-21.45,95,100,7.19,RU,1674359453
559,carlisle,40.2015,-77.1889,3.02,68,28,0.96,US,1674359454
560,gladstone,-23.85,151.25,28.96,61,40,6.17,AU,1674359454
561,omboue,-1.5746,9.2618,25.1,87,100,1.44,GA,1674359224
562,pundaguitan,6.3711,126.1689,24.64,85,100,5.47,PH,1674359454
